2026-03-31 11:38, LIPSA STOC
2026-03-31 18:18, LIPSA STOC
2026-03-31 20:04, LIPSA STOC
2026-04-01 12:00, LIPSA STOC
2026-04-01 20:08, LIPSA STOC
2026-04-02 11:35, LIPSA STOC
2026-04-02 20:02, LIPSA STOC
2026-04-03 11:26, LIPSA STOC
2026-04-03 19:56, LIPSA STOC
2026-04-04 10:55, LIPSA STOC
2026-04-04 19:46, LIPSA STOC
2026-04-05 10:58, LIPSA STOC
2026-04-05 19:50, LIPSA STOC
2026-04-06 11:38, LIPSA STOC
2026-04-06 20:04, LIPSA STOC
2026-04-07 12:00, LIPSA STOC
2026-04-07 20:06, LIPSA STOC
2026-04-08 12:02, LIPSA STOC
2026-04-08 20:08, LIPSA STOC
2026-04-09 12:02, LIPSA STOC
2026-04-09 20:36, LIPSA STOC
